{
  "algo": "embeds_adaface_ir100",
  "TP": 3180,
  "TN": 6049,
  "FP": 1,
  "FN": 2870,
  "total_pairs": 12100,
  "threshold_used": 0.7,
  "threshold_source": "fixed",
  "accuracy": 0.76272727,
  "precision": 0.99968563,
  "recall": 0.52561983,
  "f1": 0.68898278,
  "embeds": "D:\\KOMPARASI ALGORITMA FACE RECOGNITION\\embeds\\embeds_adaface_ir100.npz",
  "pairs_fixed": "eval_verif_cosine\\embeds_adaface_ir100\\embeds_adaface_ir100_pairs_fixed_thr0.70.csv",
  "pairs_auto": "eval_verif_cosine\\embeds_adaface_ir100\\embeds_adaface_ir100_pairs_auto_thr0.70.csv",
  "roc_png": "eval_verif_cosine\\embeds_adaface_ir100\\roc_embeds_adaface_ir100_thr0.70.png",
  "AUC": 0.9923139676251621,
  "EER": 0.039008264462809916,
  "TAR@1e-4": 0.32148760330578513,
  "TAR@1e-3": 0.9580165289256198,
  "TAR@1e-2": 0.9684297520661157
}