{
  "algo": "embeds_epl_ir100",
  "TP": 5507,
  "TN": 6049,
  "FP": 1,
  "FN": 543,
  "total_pairs": 12100,
  "threshold_used": 0.5,
  "threshold_source": "fixed",
  "accuracy": 0.95504132,
  "precision": 0.99981845,
  "recall": 0.91024793,
  "f1": 0.95293303,
  "embeds": "D:\\KOMPARASI ALGORITMA FACE RECOGNITION\\embeds\\embeds_epl_ir100.npz",
  "pairs_fixed": "eval_verif_cosine\\embeds_epl_ir100\\embeds_epl_ir100_pairs_fixed_thr0.50.csv",
  "pairs_auto": "eval_verif_cosine\\embeds_epl_ir100\\embeds_epl_ir100_pairs_auto_thr0.50.csv",
  "roc_png": "eval_verif_cosine\\embeds_epl_ir100\\roc_embeds_epl_ir100_thr0.50.png",
  "AUC": 0.9915784167748105,
  "EER": 0.03619834710743808,
  "TAR@1e-4": 0.35702479338842974,
  "TAR@1e-3": 0.9634710743801653,
  "TAR@1e-2": 0.9702479338842975
}