{
  "algo": "embeds_magface_ir100",
  "metric": "euclidean_l2",
  "TP": 3741,
  "TN": 4303,
  "FP": 1747,
  "FN": 2309,
  "total_pairs": 12100,
  "threshold_used": 1.1832159566199232,
  "threshold_source": "cosine->l2",
  "accuracy": 0.66479339,
  "precision": 0.6816691,
  "recall": 0.61834711,
  "f1": 0.64846594,
  "embeds": "C:\\Users\\USER\\Downloads\\Komparasi 12 Algoritma Pengenalan Wajah\\embeds\\embeds_magface_ir100.npz",
  "pairs_fixed": "eval_verif_euclidean\\embeds_magface_ir100\\embeds_magface_ir100_pairs_fixed_thr0.30.csv",
  "pairs_auto": "eval_verif_euclidean\\embeds_magface_ir100\\embeds_magface_ir100_pairs_auto_thr0.30.csv",
  "roc_png": "eval_verif_euclidean\\embeds_magface_ir100\\roc_embeds_magface_ir100_thr0.30.png",
  "AUC": 0.7080161191175466,
  "EER": 0.667603305785124,
  "TAR@1e-4": 0.04644628099173554,
  "TAR@1e-3": 0.06644628099173554,
  "TAR@1e-2": 0.12380165289256198
}