{
  "algo": "embeds_epl_ir100",
  "metric": "euclidean_l2",
  "TP": 2954,
  "TN": 6049,
  "FP": 1,
  "FN": 3096,
  "total_pairs": 12100,
  "threshold_used": 0.7745966692414834,
  "threshold_source": "cosine->l2",
  "accuracy": 0.74404959,
  "precision": 0.99966159,
  "recall": 0.48826446,
  "f1": 0.65607996,
  "embeds": "C:\\Users\\USER\\Downloads\\Komparasi 12 Algoritma Pengenalan Wajah\\embeds\\embeds_epl_ir100.npz",
  "pairs_fixed": "eval_verif_euclidean\\embeds_epl_ir100\\embeds_epl_ir100_pairs_fixed_thr0.70.csv",
  "pairs_auto": "eval_verif_euclidean\\embeds_epl_ir100\\embeds_epl_ir100_pairs_auto_thr0.70.csv",
  "roc_png": "eval_verif_euclidean\\embeds_epl_ir100\\roc_embeds_epl_ir100_thr0.70.png",
  "AUC": 0.9915784167748105,
  "EER": 0.03619834710743808,
  "TAR@1e-4": 0.35702479338842974,
  "TAR@1e-3": 0.9634710743801653,
  "TAR@1e-2": 0.9702479338842975
}