{
  "algo": "embeds_epl_ir100",
  "metric": "euclidean_l2",
  "TP": 5834,
  "TN": 6041,
  "FP": 9,
  "FN": 216,
  "total_pairs": 12100,
  "threshold_used": 1.1832159566199232,
  "threshold_source": "cosine->l2",
  "accuracy": 0.98140496,
  "precision": 0.9984597,
  "recall": 0.96429752,
  "f1": 0.98108131,
  "embeds": "C:\\Users\\USER\\Downloads\\Komparasi 12 Algoritma Pengenalan Wajah\\embeds\\embeds_epl_ir100.npz",
  "pairs_fixed": "eval_verif_euclidean\\embeds_epl_ir100\\embeds_epl_ir100_pairs_fixed_thr0.30.csv",
  "pairs_auto": "eval_verif_euclidean\\embeds_epl_ir100\\embeds_epl_ir100_pairs_auto_thr0.30.csv",
  "roc_png": "eval_verif_euclidean\\embeds_epl_ir100\\roc_embeds_epl_ir100_thr0.30.png",
  "AUC": 0.9915784167748105,
  "EER": 0.03619834710743808,
  "TAR@1e-4": 0.35702479338842974,
  "TAR@1e-3": 0.9634710743801653,
  "TAR@1e-2": 0.9702479338842975
}